email,password,accountType
jobseeking@1199seiubenefits.com,9u2ocs3TbF,company
jobseeking@tscti.com,RbjUoHmrJj,company
jobseeking@451research.com,r76IB1TYh0,company
jobseeking@ab-inbev.com,9e9UuFmW0K,company
jobseeking@advisorgroup.com,TEOh6jp1CV,company
jobseeking@amazon.com,kvSThxV0il,company
jobseeking@amenityanalytics.com,B8AhYcKbhW,company
jobseeking@andiamoitalia.com,70RA5M06Q8,company
jobseeking@apcoworldwide.com,31rXfPH7i4,company
jobseeking@apexsystems.com,3by5MaHtT1,company
jobseeking@aprconsulting.com,Gi36Cr6w7U,company
jobseeking@asembia.com,oPHT2rD7U5,company
jobseeking@assetstaffing.com,657Nv0xY7h,company
jobseeking@averityteam.com,nlEy1EUinj,company
jobseeking@axelon.com,8lX1Ws4POE,company
jobseeking@balanceinnovations.com,fKfQM74itj,company
jobseeking@bankofamerica.com,63709p9pOx,company
jobseeking@bloomberg.com,CU15arF3f3,company
jobseeking@bluelabs.com,utqoth36Zr,company
jobseeking@bluevoyant.com,UHT5UOM5K7,company
jobseeking@underkind.com,5E22JAnQPw,company
jobseeking@earebcs.com,5lxI9NDJiq,company
jobseeking@bulbhead.com,j1STE1ziEz,company
jobseeking@cactusholdings.com,gbliebYa4u,company
jobseeking@capgemini.com,1945gbgygn,company
jobseeking@capgemini1.com,2Q04FmB65r,company
jobseeking@carry1st.com,9LdS1Q2s0p,company
jobseeking@celerity.com,46jobQ3Y1l,company
jobseeking@childmind.com,914D79Co47,company
jobseeking@citadel.com,26UNkRknI1,company
jobseeking@citi.com,sEtV3eT21W,company
jobseeking@clearstreet.com,6UX8psiXZo,company
jobseeking@codegreensolutions.com,x1n18363mt,company
jobseeking@cuimc.columbia.com,9zlQ4UPBT2,company
jobseeking@columbia.com,Ih724j8U3x,company
jobseeking@cforce.com,09wTO1KWbB,company
jobseeking@coolsofttech.com,uv778cAL68,company
jobseeking@cortexconsultants.com,2qmd3YLE9T,company
jobseeking@coanet.com,h7OB2g67tI,company
jobseeking@cowen.com,dcxctb08RK,company
jobseeking@cowen1.com,S6tRs9e7bQ,company
jobseeking@criteo.com,rrhPgl06nv,company
jobseeking@crossriver.com,OnpwCyQ11p,company
jobseeking@crossfireconsulting.com,o61ze0jcyh,company
jobseeking@rfcuny.com,x379x8ZO7E,company
jobseeking@current.com,6D3Q9V399n,company
jobseeking@dashtechinc.com,YxQAD8Z9Dx,company
jobseeking@decisionresourcesgroup.com,yDj80Mh04q,company
jobseeking@discovery.com,3Oc3t8f2HC,company
jobseeking@diverselynx.com,gEOV3S21ge,company
jobseeking@dmgt.com,6M56SxWJEs,company
jobseeking@duolingo.com,3J2L645Pbw,company
jobseeking@edo.com,19tzkL6S45,company
jobseeking@edpworld.com,6vZvWg0z42,company
jobseeking@edc.com,7J8ooKWehh,company
jobseeking@ektello.com,KMoOAWQ4RV,company
jobseeking@endai.com,bn6ZXbgt66,company
jobseeking@eteaminc.com,1WYLji0Rkc,company
jobseeking@fairhealth.com,I7EL54l5P1,company
jobseeking@fanduel.com,T6KyGIYgXw,company
jobseeking@finra.com,XA0pffV4VZ,company
jobseeking@fintechrecruiters.com,GF3mc4gKw4,company
jobseeking@fja.com,6j8o8C5Hc0,company
jobseeking@fragomen.com,vkbRIK6hOg,company
jobseeking@fphnyc.com,N83KbUp0F2,company
jobseeking@gainful.com,Yr4u56r6pQ,company
jobseeking@gemini.com,xZs9d7z86s,company
jobseeking@globalatlantic.com,WD9JMmPa87,company
jobseeking@gny.com,f298L67d67,company
jobseeking@google.com,P4I52A8646,company
jobseeking@gny1.com,58610sGbWl,company
jobseeking@greenkeyllc.com,80c751Du5w,company
jobseeking@guidepoint.com,93AxCxZ1Qe,company
jobseeking@hagertyconsulting.com,ipZ6BhYzV2,company
jobseeking@halcyonit.com,Arm83Gy444,company
jobseeking@hearst.com,Qm8sSwgSxO,company
jobseeking@hearst1.com,PIOX6f9N3m,company
jobseeking@highbridgeconsultants.com,1m3uN7rS8S,company
jobseeking@hometeam.com,QkcM2D1150,company
jobseeking@huxley.com,6kNF1lNgET,company
jobseeking@hydebrooklyn.com,50mHygtjEs,company
jobseeking@ibm.com,3T794A31VO,company
jobseeking@icap.columbia.edu.com,14M6pO61kc,company
jobseeking@impaktadvisors.com,2W0nH67zJG,company
jobseeking@jefferies.com,26W5DNI5bN,company
jobseeking@jandj.com,Ip1p0QCXRO,company
jobseeking@jpmorganchase.com,jCKkfg6102,company
jobseeking@kforce.com,4v02ZBU9b8,company
jobseeking@beknown.nyc.com,J1e0t9ju4C,company
jobseeking@lorventech.com,u5LrMYGgv2,company
jobseeking@macquarie.com,1JkIp45AyV,company
jobseeking@mediamath.com,uFYO1mRoCH,company
jobseeking@medly.com,Luob8ZKDBD,company
jobseeking@metcouncil.com,f5126326o5,company
jobseeking@mitchellmartin.com,C8tgtKHfzs,company
jobseeking@monkeyalgorithms.com,7Of34M5WOt,company
jobseeking@montefiore.com,8F4nKRV5Si,company
jobseeking@morganstanley.com,h8W1HBr4vO,company
jobseeking@mountsinai.com,p00dWfmT3M,company
jobseeking@getmulberry.com,3271mmPKR5,company
jobseeking@sonymusic.com,3gJt8H3EG0,company
jobseeking@myjobtank.com,J0r2dQeC40,company
jobseeking@nadap.com,5sCAmwVFP7,company
jobseeking@nallas.com,O0IS43aQ7F,company
jobseeking@narrativ.com,R5FU5Vb5L5,company
jobseeking@nbcuniversal.com,j8U4J3CZ67,company
jobseeking@nescoresource.com,W5gO81z52x,company
jobseeking@nb.com,lFRhRvW29N,company
jobseeking@newyorklife.com,A2KzX88C99,company
jobseeking@northwell.com,GGYcwd3O9H,company
jobseeking@nttdata.com,sWPI882Cx3,company
jobseeking@nutechsoft.com,fx94oA41na,company
jobseeking@nutrafol.com,PwI9a07Qhi,company
jobseeking@nystec.com,9LC33FEpFm,company
jobseeking@med.nyu.edu.com,1g4CJo94zx,company
jobseeking@med.nyu.edu1.com,Dou2iXRhf3,company
jobseeking@onepeloton.com,TYl2Ta9lWM,company
jobseeking@perficient.com,x7Nvc13nF6,company
jobseeking@phytontalent.com,4va5FP3FXu,company
jobseeking@pintonyc.com,7JrF2K8L4a,company
jobseeking@point72.com,2103DK1C57,company
jobseeking@pozent.com,49732K1y49,company
jobseeking@praescientanalytics.com,Frxsst1k2e,company
jobseeking@precisiontechcorp.com,v8kwPkNyYo,company
jobseeking@premierinc.com,1V37jGQ01v,company
jobseeking@randstadusa.com,tM3U2dokaG,company
jobseeking@realpage.com,5XivEP4AK8,company
jobseeking@rsrit.com,xm9AnTJkSH,company
jobseeking@pearsonhighered.com,Wu4LVu6c5x,company
jobseeking@rgp.com,lkD2nx3vE8,company
jobseeking@seon.io.com,XIM5fRD8Lx,company
jobseeking@ro.com,25B0eIg712,company
jobseeking@roberthalf.com,R142i89N6S,company
jobseeking@rockstargames.com,T00tnj4WI4,company
jobseeking@roku.com,83O0440i3o,company
jobseeking@getroman.com,9A6m9M1pFg,company
jobseeking@royal.com,h21u3KjQ0q,company
jobseeking@scotiabank.com,J1GL77IQ2H,company
jobseeking@sgainc.com,2U0TMXPy9m,company
jobseeking@sofi.com,p7YFNBmMv7,company
jobseeking@softcomsystems.com,0XCH4kl7EY,company
jobseeking@softstandard.com,FSAYerj8My,company
jobseeking@sgainc.com,EJ22Uvw63G,company
jobseeking@sphinixusa.com,CC0ASW6y82,company
jobseeking@squarespace.com,bY5K7zUU9t,company
jobseeking@staffigo.com,gF710br24V,company
jobseeking@starkhrrecruiting.com,5yhe90WUCu,company
jobseeking@tachyontech.com,YejkrhnXv2,company
jobseeking@take2games.com,Ho0V50T8PE,company
jobseeking@taprm.com,YT2W7B7Tk1,company
jobseeking@teacherspayteachers.com,9nq4q8NF2F,company
jobseeking@telus.com,vWikqx7L4N,company
jobseeking@thetrevorproject.com,QP4p6U8xUe,company
jobseeking@tsrconsulting.com,0Qtb7EEJ96,company
jobseeking@tsrconsulting1.com,glpG6bL4E9,company
jobseeking@twosigma.com,GVM3iL69cc,company
jobseeking@two95intl.com,5CI4Wldw7M,company
jobseeking@ubs.com,nf6RkdE8Ti,company
jobseeking@undertone.com,1NGa3YO4M7,company
jobseeking@un.com,xzn83OHh5u,company
jobseeking@vera.com,88YUw07Y3a,company
jobseeking@vericred.com,IhhcJBVIm6,company
jobseeking@vertexintel.com,JXB2WYon4N,company
jobseeking@vestahealthcare.com,Jx865407vE,company
jobseeking@vettery.com,xKr1YNKzJ5,company
jobseeking@vnsny.com,JT4Wi3vnd9,company
jobseeking@voice.com,53z689BQMq,company
jobseeking@thewaltdisneycompany.com,Y3nyRLx991,company
jobseeking@hipmedia.com,J0X6r82Ftp,company
jobseeking@cs.com,IulNR3o6rG,company
jobseeking@illiamhill.com,7T43BEO0Fm,company
jobseeking@orkforcelogiq.com,arm1ve22Mv,company
jobseeking@xoriant.com,7gf5Ykzqte,company
jobseeking@zd-techsolutions.com,kE96uDID7n,company
Colleen.Zima@gmail.com,Ozj2UtXF93,individual
Nicole.Adinolfi@outlook.com,09M82wuIOM,individual
Karthikeyan.Ait Sidi@gmail.com,fTQ33Xs5O4,individual
Sarah.Akinkuolie@outlook.com,AE7d061rIl,individual
Trina.Alagbe@outlook.com,Fw5ZQN58p6,individual
Carol.Anderson@gmail.com,PnE7crcP6b,individual
Linda.Anderson@outlook.com,98lInV6h1o,individual
Colby.Andreola@gmail.com,1n139zEtU8,individual
Sam.Athwal@outlook.com,4YQ992z3aA,individual
Linda.Bachiochi@outlook.com,sL2HVU9F7A,individual
Alejandro.Bacong@gmail.com,Y5i6ZrN35A,individual
Rachael.Baczenski@outlook.com,F6KhK2CgHc,individual
Thomas.Barbara@outlook.com,PknI071sra,individual
Hector.Barbossa@gmail.com,0YumFuKlUb,individual
Francesco A.Barone@gmail.com,0Xl3FEG9l1,individual
Nader.Barton@outlook.com,1d49lZzbNx,individual
Norman.Bates@outlook.com,ppb77cu85I,individual
Kimberly.Beak@gmail.com,JE1VQ192gu,individual
Courtney.Beatrice@gmail.com,HhfMV7mCCv,individual
Renee.Becker@outlook.com,7DdsG7Xx6Q,individual
Scott.Becker@outlook.com,kVpCdwVIIh,individual
Sean.Bernstein@outlook.com,8FJ8913MNj,individual
Lowan M.Biden@outlook.com,F6EE7eB4K3,individual
Helen.Billis@gmail.com,tO6685XCmb,individual
Dianna.Blount@gmail.com,uWvlbS9KbI,individual
Betsy.Bondwell@gmail.com,lZ5f382c6y,individual
Frank.Booth@gmail.com,TTSj9B7W60,individual
Bonalyn.Boutwell@gmail.com,HzfP36PK08,individual
Charles.Bozzi@gmail.com,5M7bX3jO41,individual
Donna.Brill@gmail.com,EP47O90bXS,individual
Mia.Brown@outlook.com,0NHz4G01Pl,individual
Joseph.Buccheri@gmail.com,10Y3Zmh6T5,individual
Josephine.Bugali@gmail.com,Q6rt0z7yf6,individual
Jessica.Bunbury@gmail.com,I33sFDm7VE,individual
Joelle.Burke@gmail.com,2ei5Rg0WyZ,individual
Benjamin.Burkett@gmail.com,DsI89O4aml,individual
Max.Cady@outlook.com,PY86dJJACK,individual
Calvin.Candie@gmail.com,dQ05Lp9437,individual
Judith.Carabbio@gmail.com,toiGvz4f72,individual
Michael.Carey@outlook.com,g4p8IN6144,individual
Claudia N.Carr@gmail.com,56d9Ve0V6G,individual
Michelle.Carter@outlook.com,HGp305Q23I,individual
B'rigit.Carthy@gmail.com,HMJQ74kvE3,individual
Beatrice.Chace@gmail.com,nFF16t6U8g,individual
Brian.Champaigne@gmail.com,rjy3O95IX3,individual
Lin.Chan@outlook.com,XuHT39eVDv,individual
Donovan E.Chang@gmail.com,7z9gm84ye7,individual
Anton.Chigurh@gmail.com,2d27K7xwtF,individual
Enola.Chivukula@gmail.com,0B9Gz89ec9,individual
Caroline.Cierpiszewski@gmail.com,eEvv2702I9,individual
Rick.Clayton@outlook.com,98SP1C95Ao,individual
Jennifer.Cloninger@gmail.com,BD3n54n9jY,individual
Phil.Close@outlook.com,zLYq355yYP,individual
Elijian.Clukey@gmail.com,0GcZb1rS9z,individual
James.Cockel@gmail.com,k2D7UacdH5,individual
Spencer.Cole@outlook.com,Kq6auVdofl,individual
Michael.Corleone@outlook.com,npKE2QLW5q,individual
Vito.Corleone@outlook.com,j99Ok1Zdly,individual
Lisa.Cornett@outlook.com,sLgkg4bvvI,individual
Frank.Costello@gmail.com,MmE4m5l060,individual
Jean.Crimmings@gmail.com,354izi795x,individual
Noah.Cross@outlook.com,xZP56F5vrQ,individual
Lynn.Daneault@outlook.com,BmQ6nUSX8m,individual
Ann.Daniele@gmail.com,1B6IeNpz8T,individual
Jene'ya.Darson@gmail.com,V61r0u7LuI,individual
Daniel.Davis@gmail.com,ez2N2DreIb,individual
Randy.Dee@outlook.com,46KSL76j3F,individual
James.DeGweck@gmail.com,eLy0aZwDLp,individual
Keyla.Del Bosque@gmail.com,7z197Qh7YM,individual
Alex.Delarge@gmail.com,FGEC7KxXKB,individual
Carla.Demita@gmail.com,m5FLqo6tom,individual
Carl.Desimone@gmail.com,r2guE849sD,individual
Tommy.DeVito@outlook.com,e65csSC18W,individual
Geoff.Dickinson@gmail.com,AvR3oX09Jk,individual
Jenna.Dietrich@gmail.com,PVNMWydtOb,individual
Lily.DiNocco@outlook.com,tESCWJe2W3,individual
Denisa S.Dobrin@gmail.com,TFPH8aoa91,individual
Linda.Dolan@outlook.com,aGQlcvs8c4,individual
Eric.Dougall@gmail.com,g92U3T6OBd,individual
Elle.Driver@gmail.com,IpaN1o9q5E,individual
Amy.Dunn@gmail.com,02Nkc11leh,individual
Amy.Dunne@gmail.com,XJ7k93rs31,individual
Marianne.Eaton@outlook.com,s6H8VB4A5A,individual
Jean.Engdahl@gmail.com,xMhFyX6K0y,individual
Rex.England@outlook.com,yns8196kQe,individual
Angela.Erilus@gmail.com,9Bh0hyMq3M,individual
Miguel.Estremera@outlook.com,7mzP19eMzd,individual
April.Evensen@gmail.com,69h84Eeu7q,individual
Susan.Exantus@outlook.com,CA1In6akv7,individual
Megan.Faller@outlook.com,0MMck6YU5b,individual
Nicole.Fancett@outlook.com,28cxNO11m4,individual
Susan.Ferguson@outlook.com,i4a15NxDnQ,individual
Nilson.Fernandes@outlook.com,5e41w5eKMP,individual
Boba.Fett@gmail.com,d7rhYIiZ8D,individual
Libby.Fidelia@outlook.com,R46kI33G7a,individual
Michael J.Fitzpatrick@outlook.com,oCk3I6scRg,individual
Tanya.Foreman@outlook.com,0pvAyKM13x,individual
Alex.Forrest@gmail.com,XHs6umcAcN,individual
Jason.Foss@gmail.com,Di4kw38cwL,individual
Amy.Foster-Baker@gmail.com,HfXwx9CfB3,individual
Maruk.Fraval@outlook.com,4XY6z5JJYy,individual
Lisa.Galia@outlook.com,KrZv41o0u6,individual
Raul.Garcia@outlook.com,mj84VdxY92,individual
Barbara.Gaul@gmail.com,Bv4j31JQfT,individual
Mildred.Gentry@outlook.com,992vLPMB08,individual
Melisa.Gerke@outlook.com,5S6G3hAT02,individual
Whitney.Gill@outlook.com,X1gYfJMwH6,individual
Alex.Gilles@gmail.com,kh80zKO1XT,individual
Evelyn.Girifalco@gmail.com,UDGamZCArM,individual
Myriam.Givens@outlook.com,FicV8K8ayq,individual
Taisha.Goble@outlook.com,54569mtrjy,individual
Amon.Goeth@gmail.com,4x87094g2H,individual
Shenice.Gold@outlook.com,4iTwfcC657,individual
Cayo.Gonzalez@gmail.com,43u4B8R637,individual
Juan.Gonzalez@gmail.com,tNuS8O96iG,individual
Maria.Gonzalez@outlook.com,oranN7iKH9,individual
Susan.Good@outlook.com,z45YM2Pl9P,individual
David.Gordon@gmail.com,2smA4keLH7,individual
Phylicia.Gosciminski@outlook.com,nmRmJ7ldrN,individual
Roxana.Goyal@outlook.com,1Vh7rlocyy,individual
Elijiah.Gray@gmail.com,x9t7M143rY,individual
Paula.Gross@outlook.com,4nIH2L4o8W,individual
Hans.Gruber@gmail.com,l6th3N44Uw,individual
Mike.Guilianno@outlook.com,X15Qw7NfIV,individual
Joanne.Handschiegl@gmail.com,6E0XeE5MS8,individual
Earnest.Hankard@gmail.com,40bs0supNM,individual
Christie.Harrington@gmail.com,7j99663fHc,individual
Kara.Harrison@gmail.com,9bS1tKSPoN,individual
Anthony.Heitzman@gmail.com,rkC9D1CK70,individual
Trina.Hendrickson@outlook.com,W9m90XX0Vn,individual
Alfred.Hitchcock@gmail.com,I46SW9ERZp,individual
Adrienne J.Homberger@gmail.com,15tIoB0wO8,individual
Jayne.Horton@gmail.com,RLf96ej0ZL,individual
Debra.Houlihan@gmail.com,0kZ1besT3O,individual
Estelle.Howard@gmail.com,Km413z1S4A,individual
Jane.Hudson@gmail.com,J5isizJM81,individual
Julissa.Hunts@gmail.com,2o773hZd39,individual
Rosalie.Hutter@outlook.com,1T75N1CScG,individual
Ming.Huynh@outlook.com,c740p8MpaS,individual
Walter.Immediato@outlook.com,Nw21SPl6D7,individual
Rose.Ivey@outlook.com,0Idc37k4TY,individual
Maryellen.Jackson@outlook.com,7zn49Lg19S,individual
Hannah.Jacobi@gmail.com,PK0R1Tg7A6,individual
Tayana.Jeannite@outlook.com,1t1UddrvQ6,individual
Sneha.Jhaveri@outlook.com,eLRXyip2M1,individual
George.Johnson@gmail.com,yMco5OGhwx,individual
Noelle.Johnson@outlook.com,Zx8987rQkC,individual
Yen.Johnston@outlook.com,48gb14y8Wi,individual
Judy.Jung@gmail.com,pLL96y644N,individual
Donysha.Kampew@gmail.com,ffh2cmyZ31,individual
Kramer.Keatts@gmail.com,fVoOav1SiN,individual
Bartholemew.Khemmich@gmail.com,43X6KbMtdh,individual
Janet.King@gmail.com,2Q554WE2hl,individual
Kathleen.Kinsella@gmail.com,o4131LkyEK,individual
Alexandra.Kirill@gmail.com,hby3sRb2M1,individual
Bradley J.Knapp@gmail.com,58GAW1gxXe,individual
John.Kretschmer@gmail.com,Q7TQwV40Sx,individual
Freddy.Kreuger@gmail.com,Us0o37WTAP,individual
Jyoti.Lajiri@gmail.com,PE7q4CU8IO,individual
Hans.Landa@gmail.com,Yovb87IbtC,individual
Lindsey.Langford@outlook.com,sD99P4QvXK,individual
Enrico.Langton@gmail.com,8O250MOgQ2,individual
William.LaRotonda@outlook.com,053YIx30e7,individual
Mohammed.Latif@outlook.com,W1u4H655e0,individual
Binh.Le@gmail.com,7WT3P6vyIN,individual
Dallas.Leach@gmail.com,df13c69PXk,individual
Brandon R.LeBlanc@gmail.com,9dCR8J94Af,individual
Hannibal.Lecter@gmail.com,29f42biICP,individual
Giovanni.Leruth@gmail.com,30qmTg117d,individual
Ketsia.Liebig@gmail.com,21458h32wI,individual
Marilyn.Linares@outlook.com,WL4Su1q4bQ,individual
Mathew.Linden@outlook.com,RFXVzo3IB6,individual
Leonara.Lindsay@outlook.com,17ltbAYC4w,individual
Susan.Lundy@outlook.com,6343xE0X4H,individual
Lisa.Lunquist@outlook.com,4iqcb92k6X,individual
Allison.Lydon@gmail.com,gEgFlt2v8r,individual
Lindsay.Lynch@outlook.com,9KmZ5Jj33e,individual
Samuel.MacLennan@outlook.com,B37ygFloF5,individual
Lauren.Mahoney@gmail.com,R3r75dZ3Bn,individual
Robyn.Manchester@outlook.com,86z93by4YJ,individual
Karen.Mancuso@gmail.com,H7fWERbu91,individual
Debbie.Mangal@gmail.com,NYMP6wL8Y5,individual
Sandra.Martin@outlook.com,1SZTEB4QyG,individual
Shana.Maurice@outlook.com,85I5b04VkC,individual
Sandy.Mckenna@outlook.com,38J73Z7fT1,individual
Jac.McKinzie@gmail.com,dqEuUIpHj8,individual
Elizabeth.Meads@gmail.com,4bN0KueC86,individual
Jennifer.Medeiros@gmail.com,cxUnU148yx,individual
Brannon.Miller@gmail.com,Hn24UCr221,individual
Ned.Miller@outlook.com,XdKE1318mF,individual
Erasumus.Monkfish@gmail.com,L2T6ermhhs,individual
Peter.Monroe@outlook.com,F7bt3WQ676,individual
Luisa.Monterro@outlook.com,19kt831053,individual
Patrick.Moran@outlook.com,dFcN0Zyq4D,individual
Tanya.Morway@outlook.com,qzsCe4nwOY,individual
Dawn.Motlagh@gmail.com,NC21xPI0Q9,individual
Maliki.Moumanil@outlook.com,UZf917LEun,individual
Michael.Myers@outlook.com,agDGH9m702,individual
Kurt.Navathe@gmail.com,7g49l7Eb8X,individual
Colombui.Ndzi@gmail.com,3w2XaZweqq,individual
Horia.Ndzi@gmail.com,Lv3WwG43qy,individual
Richard.Newman@outlook.com,T0BA687JRC,individual
Shari.Ngodup@outlook.com,Rz66FfkX29,individual
Dheepa.Nguyen@gmail.com,B48Rn7x0r1,individual
Lei-Ming.Nguyen@outlook.com,eE0cxkcloS,individual
Kristie.Nowlan@gmail.com,2vso5q80Tw,individual
Lynn.O'hare@outlook.com,A45hLN01go,individual
Brooke.Oliver@gmail.com,zfS7B8727W,individual
Jasmine.Onque@gmail.com,U74rex826n,individual
Adeel.Osturnka@gmail.com,LdYnw4U88W,individual
Clinton.Owad@gmail.com,YIHn7c1oI1,individual
Travis.Ozark@outlook.com,OH8FDbb71A,individual
Nina.Panjwani@outlook.com,JVkzy876qv,individual
Lucas.Patronick@outlook.com,Tb8meE2Nm5,individual
Randall.Pearson@outlook.com,8073LPG70N,individual
Ermine.Pelletier@gmail.com,OnwWapOn6j,individual
Shakira.Perry@outlook.com,JbdqV5w833,individual
Lauren.Peters@outlook.com,f0e9Qe5sIq,individual
Ebonee.Peterson@gmail.com,W260KwC780,individual
Shana.Petingill@outlook.com,cYWO9ycq9J,individual
Thelma.Petrowsky@outlook.com,GR8F0DM2Lt,individual
Hong.Pham@gmail.com,7auKY8E5HG,individual
Brad.Pitt@gmail.com,k4Yyu0er7M,individual
Xana.Potts@outlook.com,NJNG599MPd,individual
Morissa.Power@outlook.com,al04hjR2Pg,individual
Louis.Punjabhi@outlook.com,4zC5RWRdh7,individual
Janine.Purinton@gmail.com,4AG0HAWqZY,individual
Sean.Quinn@outlook.com,kedcT6JC9T,individual
Maggie.Rachael@outlook.com,611fQa838N,individual
Quinn.Rarrick@outlook.com,E6jhqEcSiV,individual
Kylo.Ren@gmail.com,S2AmXgTAmZ,individual
Thomas.Rhoads@outlook.com,bK7o2gV9tP,individual
Haley.Rivera@gmail.com,8hd7d7R54x,individual
May.Roberson@outlook.com,92nR1OP6s5,individual
Peter.Robertson@outlook.com,CqI2GrUXHD,individual
Alain.Robinson@gmail.com,lw16zXuE59,individual
Cherly.Robinson@gmail.com,OT9ZFu3NzC,individual
Elias.Robinson@gmail.com,Oj6Y5x4Cm8,individual
Lori.Roby@outlook.com,MeIVTR5K24,individual
Bianca.Roehrich@gmail.com,MqDCk7QoTO,individual
Katie.Roper@gmail.com,eK62yWh1xx,individual
Ashley.Rose@gmail.com,62XL7668Nq,individual
Bruno.Rossetti@gmail.com,t9GLSn88hO,individual
Simon.Roup@outlook.com,aefQs5MTFe,individual
Ricardo.Ruiz@outlook.com,93xzFI7bwq,individual
Adell.Saada@gmail.com,k880p620oc,individual
Melinda.Saar-Beckles@outlook.com,bF2U4tq6it,individual
Nore.Sadki@outlook.com,F7x6s367O3,individual
Adil.Sahoo@gmail.com,6ABqew7IF6,individual
Jason.Salter@gmail.com,pV0QJOY0AF,individual
Kamrin.Sander@gmail.com,t5Y6N08oYp,individual
Nori.Sewkumar@outlook.com,V5WhsXg722,individual
Anita.Shepard@gmail.com,4Q7029xl20,individual
Seffi.Shields@outlook.com,WLEpa8V9e5,individual
Kramer.Simard@gmail.com,ua6i5dux24,individual
Nan.Singh@outlook.com,4uJwT80Zf3,individual
Constance.Sloan@gmail.com,36W7mGpBGe,individual
Joe.Smith@gmail.com,Lj2776z8M3,individual
John.Smith@gmail.com,caEk7nAON1,individual
Leigh Ann.Smith@outlook.com,ys98Xs0z0p,individual
Martin.Smith@outlook.com,e3EAa28x4m,individual
Sade.Smith@outlook.com,z27wco7ao3,individual
Julia.Soto@gmail.com,l525lTRsYl,individual
Keyser.Soze@gmail.com,3e0zW1y198,individual
Taylor.Sparks@outlook.com,5c4Pazlo4X,individual
Kelley.Spirea@gmail.com,3crjZm1tS9,individual
Kristen.Squatrito@gmail.com,0J2eB7Wpow,individual
Barbara M.Stanford@gmail.com,vqNbypvAC7,individual
Norman.Stansfield@outlook.com,Xv011osn3Z,individual
Tyrone.Steans@outlook.com,7QsMIpnYpE,individual
Rick.Stoica@outlook.com,lr6GB2T2Wq,individual
Caitrin.Strong@gmail.com,h2BqH7KB90,individual
Kissy.Sullivan@gmail.com,rg9l9qz5ei,individual
Timothy.Sullivan@outlook.com,C00MRLwNLe,individual
Barbara.Sutwell@gmail.com,LS18EbH23q,individual
Andrew.Szabo@gmail.com,9X874Z7Nr0,individual
Biff.Tannen@gmail.com,MFzBtge446,individual
Desiree.Tavares@gmail.com,zyt85K563W,individual
Lenora.Tejeda@outlook.com,5wPh3YSZd8,individual
Sharlene.Terry@outlook.com,80tF44y4ka,individual
Sophia.Theamstern@outlook.com,dfw6I711V1,individual
Kenneth.Thibaud@gmail.com,18N2385MQ0,individual
Jeanette.Tippett@gmail.com,P676YUqTNN,individual
Jack.Torrence@gmail.com,is0dVGq81H,individual
Mei.Trang@outlook.com,8My2buzZz3,individual
Neville.Tredinnick@outlook.com,5XyauKP3q2,individual
Cybil.Trzeciak@gmail.com,sUj1uyN1Jn,individual
Jumil.Turpin@gmail.com,b15W9LVmJM,individual
Jackie.Valentin@gmail.com,37zbUN4q3h,individual
Abdellah.Veera@gmail.com,IpQCX7aKt8,individual
Vincent.Vega@outlook.com,GAFINLaGNd,individual
Noah.Villanueva@outlook.com,G56AZ1002v,individual
Lord.Voldemort@outlook.com,7V6k0US519,individual
Colleen.Volk@gmail.com,eDf43ro3wn,individual
Anna.Von Massenbach@gmail.com,40Nu5tYMdm,individual
Roger.Walker@outlook.com,hWB7CqWv8H,individual
Courtney E.Wallace@gmail.com,B6G6Lnp890,individual
Theresa.Wallace@outlook.com,QJSw3L8eln,individual
Charlie.Wang@gmail.com,3Adm8wqHD3,individual
Sarah.Warfield@outlook.com,T44K68Z83e,individual
Scott.Whittier@outlook.com,Bh3g8Bf8k5,individual
Barry.Wilber@gmail.com,5FOH733dRQ,individual
Annie.Wilkes@gmail.com,kj59H6BcZK,individual
Jacquelyn.Williams@gmail.com,Y2kan1t4r2,individual
Jordan.Winthrop@gmail.com,5d2227V2Hg,individual
Hang T.Wolk@gmail.com,uZhaczAvZ1,individual
Jason.Woodson@gmail.com,h472gLP58t,individual
Catherine.Ybarra@gmail.com,6CY4GpRnb1,individual
Jennifer.Zamora@gmail.com,PmnhNuj05w,individual
Julia.Zhou@gmail.com,825nK5s1X3,individual